{
  "hash": "74df1f4d",
  "configHash": "c0472810",
  "lockfileHash": "710a54d8",
  "browserHash": "bd407f83",
  "optimized": {
    "@angular/common": {
      "src": "../../../../../node_modules/@angular/common/fesm2022/common.mjs",
      "file": "@angular_common.js",
      "fileHash": "bf5ec137",
      "needsInterop": false
    },
    "@angular/core": {
      "src": "../../../../../node_modules/@angular/core/fesm2022/core.mjs",
      "file": "@angular_core.js",
      "fileHash": "8f0312ba",
      "needsInterop": false
    },
    "@angular/platform-browser": {
      "src": "../../../../../node_modules/@angular/platform-browser/fesm2022/platform-browser.mjs",
      "file": "@angular_platform-browser.js",
      "fileHash": "27774c2f",
      "needsInterop": false
    },
    "@angular/router": {
      "src": "../../../../../node_modules/@angular/router/fesm2022/router.mjs",
      "file": "@angular_router.js",
      "fileHash": "51e17839",
      "needsInterop": false
    }
  },
  "chunks": {
    "chunk-53SZ337O": {
      "file": "chunk-53SZ337O.js"
    },
    "chunk-55FTOU6V": {
      "file": "chunk-55FTOU6V.js"
    },
    "chunk-4TZND4QJ": {
      "file": "chunk-4TZND4QJ.js"
    }
  }
}